"Data Source","World Development Indicators",

"Last Updated Date","2025-04-15",

"Country Name","Country Code","Indicator Name","Indicator Code","1960","1961","1962","1963","1964","1965","1966","1967","1968","1969","1970","1971","1972","1973","1974","1975","1976","1977","1978","1979","1980","1981","1982","1983","1984","1985","1986","1987","1988","1989","1990","1991","1992","1993","1994","1995","1996","1997","1998","1999","2000","2001","2002","2003","2004","2005","2006","2007","2008","2009","2010","2011","2012","2013","2014","2015","2016","2017","2018","2019","2020","2021","2022","2023","2024",
"Aruba","ABW","Government expenditure per student, secondary (% of GDP per capita)","SE.XPD.SECO.PC.ZS","","","","","","","","","","","","","","","","","","","","","","","","","","","","","","","","","","","","","","","","18.56215","19.20419","20.24258","19.38926","","17.7411","17.61527","","","","","","","25.09578","","","","","","","","","","","","",
"Africa Eastern and Southern","AFE","Government expenditure per student, secondary (% of GDP per capita)","SE.XPD.SECO.PC.ZS","","","","","","","","","","","","","","","","","","","","","","","","","","","","","","","","","","","","","","","","","","","","","","","","","","","","","","","","","","","","","","","","","",
"Afghanistan","AFG","Government expenditure per student, secondary (% of GDP per capita)","SE.XPD.SECO.PC.ZS","","","","","","","","","","","","","","","","","","","","","","","","","","","","","","","","","","","","","","","","","","","","","","","","","","","13.2609","12.56712","8.53024","11.32094","12.03027","10.29234","11.98575","11.3072","","","","","","","",
"Africa Western and Central","AFW","Government expenditure per student, secondary (% of GDP per capita)","SE.XPD.SECO.PC.ZS","","","","","","","","","","","","","","","","","","","","","","","","","","","","","","","","","","","","","","","","","","","","","","","","","","","","21.36241","","","","","","","","","","","","","",
"Angola","AGO","Government expenditure per student, secondary (% of GDP per capita)","SE.XPD.SECO.PC.ZS","","","","","","","","","","","","","","","","","","","","","","","","","","","","","","","","","","","","","","","","","","","","","","","","","","","","","","","","","","","","","","","","","",
"Albania","ALB","Government expenditure per student, secondary (% of GDP per capita)","SE.XPD.SECO.PC.ZS","","","","","","","","","","","","","","","","","","","","","","","","","","","","","","","","","","","","","","","","","","","","","","","","","","","","","","5.86682","","6.78368","9.82258","7.97805","","","","","","","",
"Andorra","AND","Government expenditure per student, secondary (% of GDP per capita)","SE.XPD.SECO.PC.ZS","","","","","","","","","","","","","","","","","","","","","","","","","","","","","","","","","","","","","","","","","","","6.07701","","6.70211","6.94716","9.91968","11.05105","","17.78799","13.31665","13.52729","","16.375","11.27472","14.38817","13.63639","13.56321","13.93424","","","","","","",
"Arab World","ARB","Government expenditure per student, secondary (% of GDP per capita)","SE.XPD.SECO.PC.ZS","","","","","","","","","","","","","","","","","","","","","","","","","","","","","","","","","","","","","","","","","","","","","","","","","","","","","","","","","","","","","","","","","",
"United Arab Emirates","ARE","Government expenditure per student, secondary (% of GDP per capita)","SE.XPD.SECO.PC.ZS","","","","","","","","","","","","","","","","","","","","","","","","","","","","","","","","","","","","","","","8.14859","","","","","","","","","","","","","","","","","","","","","","","","","","",
"Argentina","ARG","Government expenditure per student, secondary (% of GDP per capita)","SE.XPD.SECO.PC.ZS","","","","","","","","","","","","","","","","","","","","","","","","","","","","","","","","","","","","","","","15.11422","16.60092","15.74535","16.89971","15.21159","12.85688","12.94152","16.11186","16.7607","17.83472","19.1992","22.23454","19.26875","20.64525","20.75691","21.62494","21.31954","22.87436","21.59171","20.6226","","","","","","","",
"Armenia","ARM","Government expenditure per student, secondary (% of GDP per capita)","SE.XPD.SECO.PC.ZS","","","","","","","","","","","","","","","","","","","","","","","","","","","","","","","","","","","","","","","","","","","","","","","","","","","","","","14.8701","14.57604","","","","","","","","","","",
"American Samoa","ASM","Government expenditure per student, secondary (% of GDP per capita)","SE.XPD.SECO.PC.ZS","","","","","","","","","","","","","","","","","","","","","","","","","","","","","","","","","","","","","","","","","","","","","","","","","","","","","","","","","","","","","","","","","",
"Antigua and Barbuda","ATG","Government expenditure per student, secondary (% of GDP per capita)","SE.XPD.SECO.PC.ZS","","","","","","","","","","","","","","","","","","","","","","","","","","","","","","","","","","","","","","","","","","","","","","","","","","12.34896","","9.80909","","","","","","","","","","","","","",
"Australia","AUS","Government expenditure per student, secondary (% of GDP per capita)","SE.XPD.SECO.PC.ZS","","","","","","","","","","","","","","","","","","","","","","","","","","","","","","","","","","","","16.03172","","","","","","","","","","","","","","","","","16.08962","16.77557","16.54706","17.13625","14.98139","","","","","","","","",
"Austria","AUT","Government expenditure per student, secondary (% of GDP per capita)","SE.XPD.SECO.PC.ZS","","","","","","","","","","","","","","","","","","","","","","","","","","","","","","","","","","","","","","","28.92871","29.29272","27.16046","27.05851","27.00313","27.87828","26.59278","25.39476","25.70922","25.40733","26.29943","29.28391","28.43686","29.42218","26.71204","27.58908","27.05619","27.293","27.72044","","","","","","","","",
"Azerbaijan","AZE","Government expenditure per student, secondary (% of GDP per capita)","SE.XPD.SECO.PC.ZS","","","","","","","","","","","","","","","","","","","","","","","","","","","","","","","","","","","","","","","","","","","","","","","","","","","","","","","","","","","","","","","","","",
"Burundi","BDI","Government expenditure per student, secondary (% of GDP per capita)","SE.XPD.SECO.PC.ZS","","","","","","","","","","","","","","","","","","","","","","","","","","","","","","","","","","","","","","","","","","53.30693","52.60466","","51.66644","51.76177","","","","44.65009","48.60981","40.64224","32.87148","31.24881","","","","","","","","","","","",
"Belgium","BEL","Government expenditure per student, secondary (% of GDP per capita)","SE.XPD.SECO.PC.ZS","","","","","","","","","","","","","","","","","","","","","","","","","","","","","","","","","","","","","","","","","","","","","","","","","","","","","","24.52636","","","","","","","","","","","",
"Benin","BEN","Government expenditure per student, secondary (% of GDP per capita)","SE.XPD.SECO.PC.ZS","","","","","","","","","","","","","","","","","","","","","","","","","","","","","","","","","","","","","","","","","22.23022","22.36552","18.23596","20.13692","22.61676","","","","","","","","","13.80213","13.01251","11.34655","","","","","","","","","",
"Burkina Faso","BFA","Government expenditure per student, secondary (% of GDP per capita)","SE.XPD.SECO.PC.ZS","","","","","","","","","","","","","","","","","","","","","","","","","","","","","","","","","","","","","","","","","","","","","","20.79333","22.28991","29.17324","","","20.56827","22.74974","18.18041","15.59634","16.09687","17.26223","19.92959","","","","","","","","",
"Bangladesh","BGD","Government expenditure per student, secondary (% of GDP per capita)","SE.XPD.SECO.PC.ZS","","","","","","","","","","","","","","","","","","","","","","","","","","","","","","","","","","","","","","","","9.99201","9.29947","","10.41505","11.27777","12.24151","","12.55229","12.11735","11.56194","10.31646","12.56133","11.21871","10.41856","","","","9.88363","","","","","","","","",
"Bulgaria","BGR","Government expenditure per student, secondary (% of GDP per capita)","SE.XPD.SECO.PC.ZS","","","","","","","","","","","","","","","","","","","","","","","","","","","","","","","","","","","","","","","14.03489","","","18.35665","18.06848","19.76148","10.2099","21.24879","20.16032","19.53311","22.67286","23.35568","23.08243","20.71572","19.05691","22.18229","","","","","","","","","","","",
"Bahrain","BHR","Government expenditure per student, secondary (% of GDP per capita)","SE.XPD.SECO.PC.ZS","","","","","","","","","","","","","","","","","","","","","","","","","","","","","","","","","","","","","","","","","","","","","","","","","","","","","","15.90834","15.75927","17.50832","","","","","","","","","",
"Bahamas, The","BHS","Government expenditure per student, secondary (% of GDP per capita)","SE.XPD.SECO.PC.ZS","","","","","","","","","","","","","","","","","","","","","","","","","","","","","","","","","","","","","","","","","","","","","","","","","","","","","","","","","","","","","","","","","",
"Bosnia and Herzegovina","BIH","Government expenditure per student, secondary (% of GDP per capita)","SE.XPD.SECO.PC.ZS","","","","","","","","","","","","","","","","","","","","","","","","","","","","","","","","","","","","","","","","","","","","","","","","","","","","","","","","","43.51293","","","","","","","","",
"Belarus","BLR","Government expenditure per student, secondary (% of GDP per capita)","SE.XPD.SECO.PC.ZS","","","","","","","","","","","","","","","","","","","","","","","","","","","","","","","","","","","","","","","","","","","","","","","","","","","","","","","","","","35.66614","","","","","","","",
"Belize","BLZ","Government expenditure per student, secondary (% of GDP per capita)","SE.XPD.SECO.PC.ZS","","","","","","","","","","","","","","","","","","","","","","","","","","","","","","","","","","","","","","","","17.97739","16.35608","","","","19.22426","20.50685","20.68365","","22.04897","23.54643","26.17363","","23.12188","21.93179","23.80357","26.00505","26.1109","27.31837","","","","","","","",
"Bermuda","BMU","Government expenditure per student, secondary (% of GDP per capita)","SE.XPD.SECO.PC.ZS","","","","","","","","","","","","","","","","","","","","","","","","","","","","","","","","","","","","","","","","","","","","","12.34193","14.02632","","","","","17.8416","","","","12.55218","11.92934","","","","","","","","","",
"Bolivia","BOL","Government expenditure per student, secondary (% of GDP per capita)","SE.XPD.SECO.PC.ZS","","","","","","","","","","","","","","","","","","","","","","","","","","","","","","","","","","","","","","","","","","","","","","","","","","","","","","","","","","","","","","","","","",
"Brazil","BRA","Government expenditure per student, secondary (% of GDP per capita)","SE.XPD.SECO.PC.ZS","","","","","","","","","","","","","","","","","","","","","","","","","","","","","","","","","","","","","","","","","","","10.14512","","11.44409","13.00607","","17.62629","19.06857","20.00857","20.97786","21.8504","19.66737","20.57305","20.56801","21.52655","","","","","","","","","",
"Barbados","BRB","Government expenditure per student, secondary (% of GDP per capita)","SE.XPD.SECO.PC.ZS","","","","","","","","","","","","","","","","","","","","","","","","","","","","","","","","","","","","","","","","17.42909","21.1396","25.34136","25.48251","27.972","24.69735","22.6382","","23.00835","19.81998","20.81281","25.78739","","","","19.32011","","28.03908","","","","","","","","",
"Brunei Darussalam","BRN","Government expenditure per student, secondary (% of GDP per capita)","SE.XPD.SECO.PC.ZS","","","","","","","","","","","","","","","","","","","","","","","","","","","","","","","","","","","","","","","","","","","","","","","","","","","7.6387","","","","10.13979","","23.64457","","","","","","","","",
"Bhutan","BTN","Government expenditure per student, secondary (% of GDP per capita)","SE.XPD.SECO.PC.ZS","","","","","","","","","","","","","","","","","","","","","","","","","","","","","","","","","","","","","","","","","","","","","","","","","36.27318","33.41283","26.01151","30.14214","","32.38232","33.94304","29.42942","","","","","","","","","",
"Botswana","BWA","Government expenditure per student, secondary (% of GDP per capita)","SE.XPD.SECO.PC.ZS","","","","","","","","","","","","","","","","","","","","","","","","","","","","","","","","","","","","","","","","","","","","","","43.55359","","40.62813","","35.86587","","","","","","","","","","","","","","","",
"Central African Republic","CAF","Government expenditure per student, secondary (% of GDP per capita)","SE.XPD.SECO.PC.ZS","","","","","","","","","","","","","","","","","","","","","","","","","","","","","","","","","","","","","","","","","","","","","","","","","","15.42199","","","","","","","","","","","","","","","",
"Canada","CAN","Government expenditure per student, secondary (% of GDP per capita)","SE.XPD.SECO.PC.ZS","","","","","","","","","","","","","","","","","","","","","","","","","","","","","","","","","","","","","","","","","","","","","","","","","","","","18.32883","","","","","","","","","","","","","",
"Central Europe and the Baltics","CEB","Government expenditure per student, secondary (% of GDP per capita)","SE.XPD.SECO.PC.ZS","","","","","","","","","","","","","","","","","","","","","","","","","","","","","","","","","","","","","","","18.415275","","","19.46928","20.524955","20.53181","21.12918","21.074695","19.82809","20.1969","22.40992","23.35568","23.1741","22.015035","20.722375","22.533805","23.07045","22.25324","22.30415","","","","","","","","",
"Switzerland","CHE","Government expenditure per student, secondary (% of GDP per capita)","SE.XPD.SECO.PC.ZS","","","","","","","","","","","","","","","","","","","","","","","","","","","","","","","","","","","","","","","26.04068","25.29324","24.66126","25.29121","26.88653","26.6065","25.46407","25.36203","23.84324","22.80694","28.20173","26.9248","26.2857","25.89147","25.97821","26.41812","26.39044","24.45516","","","","","","","","","",
"Channel Islands","CHI","Government expenditure per student, secondary (% of GDP per capita)","SE.XPD.SECO.PC.ZS","","","","","","","","","","","","","","","","","","","","","","","","","","","","","","","","","","","","","","","","","","","","","","","","","","","","","","","","","","","","","","","","","",
"Chile","CHL","Government expenditure per student, secondary (% of GDP per capita)","SE.XPD.SECO.PC.ZS","","","","","","","","","","","","","","","","","","","","","","","","","","","","","","","","","","","","","","","13.36893","","14.26927","","15.09564","15.48508","13.50403","12.63158","11.6756","12.64539","15.10256","16.47026","15.21726","15.16071","16.45029","15.01836","15.10182","16.63683","18.48666","18.68243","","","","","","","",
"China","CHN","Government expenditure per student, secondary (% of GDP per capita)","SE.XPD.SECO.PC.ZS","","","","","","","","","","","","","","","","","","","","","","","","","","","","","","","","","","","","","","","","11.42726","","","","","","","","","","","","","","","","","","","","","","","","","",
"Cote d'Ivoire","CIV","Government expenditure per student, secondary (% of GDP per capita)","SE.XPD.SECO.PC.ZS","","","","","","","","","","","","","","","","","","","","","","","","","","","","","","","","","","","","","","","","41.35127","","","","","","","","","","","","","","","27.17591","24.16853","22.82275","20.80971","18.84725","","","","","","",
"Cameroon","CMR","Government expenditure per student, secondary (% of GDP per capita)","SE.XPD.SECO.PC.ZS","","","","","","","","","","","","","","","","","","","","","","","","","","","","","","","","","","","","","","","","","","","","","","33.94488","36.37686","30.89324","24.11163","26.14003","","17.95408","17.7737","","","","","","","","","","","","",
"Congo, Dem. Rep.","COD","Government expenditure per student, secondary (% of GDP per capita)","SE.XPD.SECO.PC.ZS","","","","","","","","","","","","","","","","","","","","","","","","","","","","","","","","","","","","","","","","","","","","","","","","","","","9.53216","","","5.28871","","","","","","","","","","","",
"Congo, Rep.","COG","Government expenditure per student, secondary (% of GDP per capita)","SE.XPD.SECO.PC.ZS","","","","","","","","","","","","","","","","","","","","","","","","","","","","","","","","","","","","","","","","","","","16.50774","","","","","","","","","","","","","","","","","","","","","","",
"Colombia","COL","Government expenditure per student, secondary (% of GDP per capita)","SE.XPD.SECO.PC.ZS","","","","","","","","","","","","","","","","","","","","","","","","","","","","","","","","","","","","","","","14.00068","16.04796","12.89406","","","","15.12669","14.4607","","9.91732","14.72197","14.98617","15.0084","14.43288","14.67586","16.23337","16.88747","15.68956","15.63588","17.26919","17.64699","","","","","","",
"Comoros","COM","Government expenditure per student, secondary (% of GDP per capita)","SE.XPD.SECO.PC.ZS","","","","","","","","","","","","","","","","","","","","","","","","","","","","","","","","","","","","","","","","","","","15.23286","","","","","","","","","","","7.28925","8.48165","","","","","","","","","","",
"Cabo Verde","CPV","Government expenditure per student, secondary (% of GDP per capita)","SE.XPD.SECO.PC.ZS","","","","","","","","","","","","","","","","","","","","","","","","","","","","","","","","","","","","","","","","","","","21.66895","","","","19.25197","16.48019","15.67529","14.01267","","15.03213","","16.54934","16.34377","18.65404","19.87578","19.66117","","","","","","","",
"Costa Rica","CRI","Government expenditure per student, secondary (% of GDP per capita)","SE.XPD.SECO.PC.ZS","","","","","","","","","","","","","","","","","","","","","","","","","","","","","","","","","","","","","","","","24.12021","20.3449","21.42331","23.41249","","16.99844","","16.19928","17.03938","17.85923","21.08531","23.13217","23.21991","24.28474","24.47234","23.93812","25.12593","24.03879","24.67935","21.14089","","","","","","",
"Caribbean small states","CSS","Government expenditure per student, secondary (% of GDP per capita)","SE.XPD.SECO.PC.ZS","","","","","","","","","","","","","","","","","","","","","","","","","","","","","","","","","","","","","","","","","","","","","","","","","","","","","","","","","","","","","","","","","",
"Cuba","CUB","Government expenditure per student, secondary (% of GDP per capita)","SE.XPD.SECO.PC.ZS","","","","","","","","","","","","","","","","","","","","","","","","","","","","","","","","","","","","","","","","37.13297","41.19862","40.58853","44.06536","","44.23533","47.773","42.70407","53.50966","53.62812","50.73605","51.85674","","","","","","","","","","","","","","",
"Curacao","CUW","Government expenditure per student, secondary (% of GDP per capita)","SE.XPD.SECO.PC.ZS","","","","","","","","","","","","","","","","","","","","","","","","","","","","","","","","","","","","","","","","","","","","","","","","","","","","","","22.93856","","","","","","","","","","","",
"Cayman Islands","CYM","Government expenditure per student, secondary (% of GDP per capita)","SE.XPD.SECO.PC.ZS","","","","","","","","","","","","","","","","","","","","","","","","","","","","","","","","","","","","","","","","","","","","","","19.71134","23.93685","","","","","","","","","","","","","","","","","","",
"Cyprus","CYP","Government expenditure per student, secondary (% of GDP per capita)","SE.XPD.SECO.PC.ZS","","","","","","","","","","","","","","","","","","","","","","","","","","","","","","","","","","","","","","","","26.27326","27.34898","28.15135","31.00717","33.95926","31.40003","32.41409","32.20445","32.53328","34.58471","37.3322","36.8753","37.82297","","38.33015","37.24","39.39051","39.29112","","","","","","","","",
"Czechia","CZE","Government expenditure per student, secondary (% of GDP per capita)","SE.XPD.SECO.PC.ZS","","","","","","","","","","","","","","","","","","","","","","","","","","","","","","","","","","","","","","","18.86689","20.09986","19.44741","19.2471","20.59708","21.30214","21.12918","20.9006","21.09548","20.1969","20.79512","23.27179","23.26577","23.84082","24.1497","23.74451","23.53828","23.6677","22.30415","","","","","","","","",
"Germany","DEU","Government expenditure per student, secondary (% of GDP per capita)","SE.XPD.SECO.PC.ZS","","","","","","","","","","","","","","","","","","","","","","","","","","","","","","","","","","","","","","","20.10304","","","","","","","","20.29257","21.09132","21.07791","23.85787","23.88146","22.84118","23.04534","23.18698","23.19245","23.00137","22.95939","","","","","","","","",
"Djibouti","DJI","Government expenditure per student, secondary (% of GDP per capita)","SE.XPD.SECO.PC.ZS","","","","","","","","","","","","","","","","","","","","","","","","","","","","","","","","","","","","","","","","","","","","","","","","","31.06575","","","","","","","1.03886","0.72783","","","","","","","","",
"Dominica","DMA","Government expenditure per student, secondary (% of GDP per capita)","SE.XPD.SECO.PC.ZS","","","","","","","","","","","","","","","","","","","","","","","","","","","","","","","","","","","","","","","","","","","","","","","","12.50769","14.92578","13.82207","15.21551","","","","","18.77678","","","","","","","","","",
"Denmark","DNK","Government expenditure per student, secondary (% of GDP per capita)","SE.XPD.SECO.PC.ZS","","","","","","","","","","","","","","","","","","","","","","","","","","","","","","","","","","","","","","","37.16651","37.26457","37.21646","33.88395","34.84693","33.90776","34.44315","34.25592","33.52992","31.34546","30.44643","31.87939","32.50974","29.22918","27.67433","27.91977","31.13589","","","","","","","","","","",
"Dominican Republic","DOM","Government expenditure per student, secondary (% of GDP per capita)","SE.XPD.SECO.PC.ZS","","","","","","","","","","","","","","","","","","","","","","","","","","","","","","","","","","","","","","","","","","","","","3.13181","4.59898","","3.7282","5.88323","6.76881","6.31194","6.51963","7.9353","13.70653","13.64495","14.26615","14.91552","18.7182","15.09618","","","","","","",
"Algeria","DZA","Government expenditure per student, secondary (% of GDP per capita)","SE.XPD.SECO.PC.ZS","","","","","","","","","","","","","","","","","","","","","","","","","","","","","","","","","","","","","","","","21.0622","17.36465","","17.8263","17.85554","","","","","","","","","","","","","","","","","","","","","",
"East Asia & Pacific (excluding high income)","EAP","Government expenditure per student, secondary (% of GDP per capita)","SE.XPD.SECO.PC.ZS","","","","","","","","","","","","","","","","","","","","","","","","","","","","","","","","","","","","","","","","","","","","","","","","","","","","","","","","","","","","","","","","","",
"Early-demographic dividend","EAR","Government expenditure per student, secondary (% of GDP per capita)","SE.XPD.SECO.PC.ZS","","","","","","","","","","","","","","","","","","","","","","","","","","","","","","","","","","","","","","","","","","","","","","","","","","","","","","","","","","","","","","","","","",
"East Asia & Pacific","EAS","Government expenditure per student, secondary (% of GDP per capita)","SE.XPD.SECO.PC.ZS","","","","","","","","","","","","","","","","","","","","","","","","","","","","","","","","","","","","","","","","","","","","","","","","","","","","","","","","","","","","","","","","","",
"Europe & Central Asia (excluding high income)","ECA","Government expenditure per student, secondary (% of GDP per capita)","SE.XPD.SECO.PC.ZS","","","","","","","","","","","","","","","","","","","","","","","","","","","","","","","","","","","","","","","","","","","","","","","","","","","","","","","","","","","","","","","","","",
"Europe & Central Asia","ECS","Government expenditure per student, secondary (% of GDP per capita)","SE.XPD.SECO.PC.ZS","","","","","","","","","","","","","","","","","","","","","","","","","","","","","","","","","","","","","","","","","","","","24.34073","23.79821","","","22.93953","25.76982","28.30466","27.21625","25.89151","25.26151","23.462365","23.656035","23.00137","23.02147","","","","","","","","",
"Ecuador","ECU","Government expenditure per student, secondary (% of GDP per capita)","SE.XPD.SECO.PC.ZS","","","","","","","","","","","","","","","","","","","","","","","","","","","","","","","","","","","","","","","","8.32021","5.38598","","","","","","","","","4.38387","4.26581","4.5863","4.45934","5.08401","4.94326","5.07928","5.2853","","","","","","","","",
"Egypt, Arab Rep.","EGY","Government expenditure per student, secondary (% of GDP per capita)","SE.XPD.SECO.PC.ZS","","","","","","","","","","","","","","","","","","","","","","","","","","","","","","","","","","","","","","","","","","","","","","","","","","","","","","","","","","13.79696","","","","","","","",
"Euro area","EMU","Government expenditure per student, secondary (% of GDP per capita)","SE.XPD.SECO.PC.ZS","","","","","","","","","","","","","","","","","","","","","","","","","","","","","","","","","","","","","","","22.27547","24.93597","23.045015","24.30857","24.62165","24.32286","24.89156","24.221935","24.58835","23.70022","26.29943","28.70418","28.074085","26.962405","25.94711","24.52636","24.436335","23.262015","23.031085","","","","","","","","",
"Eritrea","ERI","Government expenditure per student, secondary (% of GDP per capita)","SE.XPD.SECO.PC.ZS","","","","","","","","","","","","","","","","","","","","","","","","","","","","","","","","","","","","","","","","","","21.28252","20.27257","","9.30658","","","","","","","","","","","","","","","","","","","","",
"Spain","ESP","Government expenditure per student, secondary (% of GDP per capita)","SE.XPD.SECO.PC.ZS","","","","","","","","","","","","","","","","","","","","","","","","","","","","","","","","","","","","","","","23.87749","24.05752","22.833","22.10772","22.83037","23.18286","23.213","22.88599","23.46748","23.70022","25.37782","27.61234","26.05485","25.89151","21.01442","18.50276","18.22419","18.49989","18.88163","","","","","","","","",
"Estonia","EST","Government expenditure per student, secondary (% of GDP per capita)","SE.XPD.SECO.PC.ZS","","","","","","","","","","","","","","","","","","","","","","","","","","","","","","","","","","","","","","","22.27547","27.3503","","25.1553","25.05491","26.16631","24.89156","23.04911","","22.93953","28.77094","32.12687","30.97741","26.74646","27.10011","23.20386","23.77379","22.25324","21.17125","","","","","","","","",
"Ethiopia","ETH","Government expenditure per student, secondary (% of GDP per capita)","SE.XPD.SECO.PC.ZS","","","","","","","","","","","","","","","","","","","","","","","","","","","","","","","","","","","","","","","","","","","","","","","","","","22.97527","22.79132","27.09463","25.76063","","","16.76439","","","","","","","","","",
"European Union","EUU","Government expenditure per student, secondary (% of GDP per capita)","SE.XPD.SECO.PC.ZS","","","","","","","","","","","","","","","","","","","","","","","","","","","","","","","","","","","","","","","20.10304","24.8775","23.045015","24.074525","24.05205","23.75286","23.134615","22.88599","22.87955","22.90471","25.76982","28.141645","27.67082","25.89151","24.41199","23.73269","23.656035","23.00137","23.02147","","","","","","","","",
"Fragile and conflict affected situations","FCS","Government expenditure per student, secondary (% of GDP per capita)","SE.XPD.SECO.PC.ZS","","","","","","","","","","","","","","","","","","","","","","","","","","","","","","","","","","","","","","","","","","","","","","","","","","","","","","","","","","","","","","","","","",
"Finland","FIN","Government expenditure per student, secondary (% of GDP per capita)","SE.XPD.SECO.PC.ZS","","","","","","","","","","","","","","","","","","","","","","","","","","","","","","","","","","","","","","","","24.93597","23.22704","24.30857","25.32816","25.99888","31.06666","30.83827","30.50341","29.59148","30.83062","34.36908","34.8965","34.70223","25.94711","26.1282","26.07076","25.80386","24.75238","","","","","","","","",
"Fiji","FJI","Government expenditure per student, secondary (% of GDP per capita)","SE.XPD.SECO.PC.ZS","","","","","","","","","","","","","","","","","","","","","","","","","","","","","","","","","","","","","","","","","","","","","16.11045","","","","","","","5.69328","","","","","","","","","","","","","",
"France","FRA","Government expenditure per student, secondary (% of GDP per capita)","SE.XPD.SECO.PC.ZS","","","","","","","","","","","","","","","","","","","","","","","","","","","","","","","","","","","","","","","","28.8291","28.40943","","","29.88208","29.29764","27.22036","27.19799","26.61552","27.04691","28.70418","28.38317","27.17835","26.82868","26.72217","26.78417","26.46082","26.28009","","","","","","","","",
"Faroe Islands","FRO","Government expenditure per student, secondary (% of GDP per capita)","SE.XPD.SECO.PC.ZS","","","","","","","","","","","","","","","","","","","","","","","","","","","","","","","","","","","","","","","","","","","","","","","","","","","","","","","","","","","","","","","","","",
"Micronesia, Fed. Sts.","FSM","Government expenditure per student, secondary (% of GDP per capita)","SE.XPD.SECO.PC.ZS","","","","","","","","","","","","","","","","","","","","","","","","","","","","","","","","","","","","","","","","","","","","","","","","","","","","","","","","","","","","","","","","","",
"Gabon","GAB","Government expenditure per student, secondary (% of GDP per capita)","SE.XPD.SECO.PC.ZS","","","","","","","","","","","","","","","","","","","","","","","","","","","","","","","","","","","","","","","","","","","","","","","","","","","","","","","","","","","","","","","","","",
"United Kingdom","GBR","Government expenditure per student, secondary (% of GDP per capita)","SE.XPD.SECO.PC.ZS","","","","","","","","","","","","","","","","","","","","","","","","","","","","","","","","","","","","","","","22.65895","21.09702","21.87505","21.94317","23.63757","25.01142","23.79821","23.47328","24.47537","25.57833","26.49489","28.43834","31.19587","29.46259","","22.60496","22.87626","23.05669","21.18688","","","","","","","","",
"Georgia","GEO","Government expenditure per student, secondary (% of GDP per capita)","SE.XPD.SECO.PC.ZS","","","","","","","","","","","","","","","","","","","","","","","","","","","","","","","","","","","","","","","","","","","","","","","","","13.6017","","","","","","","","","","","","","","","","",
"Ghana","GHA","Government expenditure per student, secondary (% of GDP per capita)","SE.XPD.SECO.PC.ZS","","","","","","","","","","","","","","","","","","","","","","","","","","","","","","","","","","","","","","","","","","40.59106","","","42.85671","38.42101","30.15745","27.285","26.73242","26.9648","","26.31798","39.08224","19.33164","19.96045","","","","","","","","","","",
"Gibraltar","GIB","Government expenditure per student, secondary (% of GDP per capita)","SE.XPD.SECO.PC.ZS","","","","","","","","","","","","","","","","","","","","","","","","","","","","","","","","","","","","","","","","","","","","","","","","","","","","","","","","","","","","","","","","","",
"Guinea","GIN","Government expenditure per student, secondary (% of GDP per capita)","SE.XPD.SECO.PC.ZS","","","","","","","","","","","","","","","","","","","","","","","","","","","","","","","","","","","","","","","","","","","","","","","","","4.05917","","","8.01316","6.82725","","8.24883","","","","","","","","","","",
"Gambia, The","GMB","Government expenditure per student, secondary (% of GDP per capita)","SE.XPD.SECO.PC.ZS","","","","","","","","","","","","","","","","","","","","","","","","","","","","","","","","","","","","","","","","","","","","","","","","","14.79477","13.0628","14.01971","","","","","","","","","","","","","","",
"Guinea-Bissau","GNB","Government expenditure per student, secondary (% of GDP per capita)","SE.XPD.SECO.PC.ZS","","","","","","","","","","","","","","","","","","","","","","","","","","","","","","","","","","","","","","","","","","","","","","","","","","","","","","","","","","","","","","","","","",
"Equatorial Guinea","GNQ","Government expenditure per student, secondary (% of GDP per capita)","SE.XPD.SECO.PC.ZS","","","","","","","","","","","","","","","","","","","","","","","","","","","","","","","","","","","","","","","","","","","","","","","","","","","","","","","","","","","","","","","","","",
"Greece","GRC","Government expenditure per student, secondary (% of GDP per capita)","SE.XPD.SECO.PC.ZS","","","","","","","","","","","","","","","","","","","","","","","","","","","","","","","","","","","","","","","12.95358","14.43964","19.2162","17.38923","16.83906","19.13739","19.42418","20.66077","","","","","","","","","","23.52266","23.02147","","","","","","","","",
"Grenada","GRD","Government expenditure per student, secondary (% of GDP per capita)","SE.XPD.SECO.PC.ZS","","","","","","","","","","","","","","","","","","","","","","","","","","","","","","","","","","","","","","","","","","","","9.79725","","","","","","","","","","","","","","10.89262","","","","","","","",
"Greenland","GRL","Government expenditure per student, secondary (% of GDP per capita)","SE.XPD.SECO.PC.ZS","","","","","","","","","","","","","","","","","","","","","","","","","","","","","","","","","","","","","","","","","","","","","","","","","","","","","","","","","","","","","","","","","",
"Guatemala","GTM","Government expenditure per student, secondary (% of GDP per capita)","SE.XPD.SECO.PC.ZS","","","","","","","","","","","","","","","","","","","","","","","","","","","","","","","","","","","","","","","","","4.43312","5.43449","4.13167","","4.38736","4.47158","4.99263","6.07245","6.33345","","5.61372","4.91508","5.17897","5.46869","5.55752","5.06996","5.12475","5.09271","5.42101","","","","","","",
"Guam","GUM","Government expenditure per student, secondary (% of GDP per capita)","SE.XPD.SECO.PC.ZS","","","","","","","","","","","","","","","","","","","","","","","","","","","","","","","","","","","","","","","","","","","","","","","","","","","","","","","","","","","","","","","","","",
"Guyana","GUY","Government expenditure per student, secondary (% of GDP per capita)","SE.XPD.SECO.PC.ZS","","","","","","","","","","","","","","","","","","","","","","","","","","","","","","","","","","","","","","","","","","","","","","","","10.29979","","9.6413","11.30234","10.41855","9.30185","","","","","","","","","","","","",
"High income","HIC","Government expenditure per student, secondary (% of GDP per capita)","SE.XPD.SECO.PC.ZS","","","","","","","","","","","","","","","","","","","","","","","","","","","","","","","","","","","","","","","","","","","21.713725","23.059285","22.5048","22.30675","22.7505","22.666365","24.92922","25.74526","26.05485","23.84082","22.90658","22.90814","22.87626","22.73967","22.56102","","","","","","","","",
"Hong Kong SAR, China","HKG","Government expenditure per student, secondary (% of GDP per capita)","SE.XPD.SECO.PC.ZS","","","","","","","","","","","","","","","","","","","","","","","","","","","","","","","","","","","","","","","","","","","17.57671","19.06971","20.23283","19.03143","17.3331","15.79267","14.94756","16.04725","17.11238","17.3341","17.11454","18.66867","19.30654","20.3016","21.33223","22.20254","22.03149","","","","","","",
"Honduras","HND","Government expenditure per student, secondary (% of GDP per capita)","SE.XPD.SECO.PC.ZS","","","","","","","","","","","","","","","","","","","","","","","","","","","","","","","","","","","","","","","","","","","","","","","","","","","","","","20.34188","","","","","","","","","","","",
"Heavily indebted poor countries (HIPC)","HPC","Government expenditure per student, secondary (% of GDP per capita)","SE.XPD.SECO.PC.ZS","","","","","","","","","","","","","","","","","","","","","","","","","","","","","","","","","","","","","","","","","","","","","","","","","","","","","","","","","","","","","","","","","",
"Croatia","HRV","Government expenditure per student, secondary (% of GDP per capita)","SE.XPD.SECO.PC.ZS","","","","","","","","","","","","","","","","","","","","","","","","","","","","","","","","","","","","","","","","","","","","","","","","","","","","","","","","","","","","","","","","","",
"Haiti","HTI","Government expenditure per student, secondary (% of GDP per capita)","SE.XPD.SECO.PC.ZS","","","","","","","","","","","","","","","","","","","","","","","","","","","","","","","","","","","","","","","","","","","","","","","","","","","","","","","","","","","","","","","","","",
"Hungary","HUN","Government expenditure per student, secondary (% of GDP per capita)","SE.XPD.SECO.PC.ZS","","","","","","","","","","","","","","","","","","","","","","","","","","","","","","","","","","","","","","","17.96366","18.61814","20.04444","19.46928","20.45283","26.08295","23.05623","22.6056","22.7505","22.86989","22.40992","22.1381","21.2401","20.45278","18.50098","16.31046","23.07045","21.17405","23.05651","","","","","","","","",
"IBRD only","IBD","Government expenditure per student, secondary (% of GDP per capita)","SE.XPD.SECO.PC.ZS","","","","","","","","","","","","","","","","","","","","","","","","","","","","","","","","","","","","","","","","","","","","","","","","","","","","","","","","","","","","","","","","","",
"IDA & IBRD total","IBT","Government expenditure per student, secondary (% of GDP per capita)","SE.XPD.SECO.PC.ZS","","","","","","","","","","","","","","","","","","","","","","","","","","","","","","","","","","","","","","","","","","","","","","","","","","","","","","","","","","","","","","","","","",
"IDA total","IDA","Government expenditure per student, secondary (% of GDP per capita)","SE.XPD.SECO.PC.ZS","","","","","","","","","","","","","","","","","","","","","","","","","","","","","","","","","","","","","","","","","","","","","","","","","","","","","","","","","","","","","","","","","",
"IDA blend","IDB","Government expenditure per student, secondary (% of GDP per capita)","SE.XPD.SECO.PC.ZS","","","","","","","","","","","","","","","","","","","","","","","","","","","","","","","","","","","","","","","","","","","","","","","","","","","","","","","","","","","","","","","","","",
"Indonesia","IDN","Government expenditure per student, secondary (% of GDP per capita)","SE.XPD.SECO.PC.ZS","","","","","","","","","","","","","","","","","","","","","","","","","","","","","","","","","","","","","","","","","","","","","","","","9.48922","9.42407","10.9866","8.28022","","10.2787","9.86514","9.95311","10.52216","","","","","","","","","",
"IDA only","IDX","Government expenditure per student, secondary (% of GDP per capita)","SE.XPD.SECO.PC.ZS","","","","","","","","","","","","","","","","","","","","","","","","","","","","","","","","","","","","","","","","","","","","","","","","","","","","","","","","","","","","","","","","","",
"Isle of Man","IMN","Government expenditure per student, secondary (% of GDP per capita)","SE.XPD.SECO.PC.ZS","","","","","","","","","","","","","","","","","","","","","","","","","","","","","","","","","","","","","","","","","","","","","","","","","","","","","","","","","","","","","","","","","",
"India","IND","Government expenditure per student, secondary (% of GDP per capita)","SE.XPD.SECO.PC.ZS","","","","","","","","","","","","","","","","","","","","","","","","","","","","","","","","","","","","","","","","25.36353","25.33873","23.94886","","20.30911","18.33907","17.26857","16.74737","","","13.59323","14.1265","15.22846","15.71915","16.8546","","","","","","","","","","","",
"Not classified","INX","Government expenditure per student, secondary (% of GDP per capita)","SE.XPD.SECO.PC.ZS","","","","","","","","","","","","","","","","","","","","","","","","","","","","","","","","","","","","","","","","","","","","","","","","","","","","","","","","","","","","","","","","","",
"Ireland","IRL","Government expenditure per student, secondary (% of GDP per capita)","SE.XPD.SECO.PC.ZS","","","","","","","","","","","","","","","","","","","","","","","","","","","","","","","","","","","","","","","16.89746","16.40665","15.881","16.57645","17.19065","18.51165","20.12035","20.64926","21.55856","22.52579","26.759","28.67095","27.67082","27.56937","25.84874","23.72087","21.61642","16.4223","15.94208","","","","","","","","",
"Iran, Islamic Rep.","IRN","Government expenditure per student, secondary (% of GDP per capita)","SE.XPD.SECO.PC.ZS","","","","","","","","","","","","","","","","","","","","","","","","","","","","","","","","","","","","","","","","","","9.36632","10.91803","10.893","11.12458","10.68167","15.92368","18.76669","16.67108","17.3807","18.10703","13.95207","13.76346","17.89104","14.66707","14.37244","16.89063","17.52858","","","","","","","",
"Iraq","IRQ","Government expenditure per student, secondary (% of GDP per capita)","SE.XPD.SECO.PC.ZS","","","","","","","","","","","","","","","","","","","","","","","","","","","","","","","","","","","","","","","","","","","","","","","","","","","","","","","","","","","","","","","","","",
"Iceland","ISL","Government expenditure per student, secondary (% of GDP per capita)","SE.XPD.SECO.PC.ZS","","","","","","","","","","","","","","","","","","","","","","","","","","","","","","","","","","","","","","","","18.62467","18.31782","20.72114","21.49706","20.97958","22.10474","22.04173","21.98723","20.5995","20.51894","20.85266","19.40782","19.60857","17.84044","18.11362","19.35348","20.35202","19.39879","","","","","","","","",
"Israel","ISR","Government expenditure per student, secondary (% of GDP per capita)","SE.XPD.SECO.PC.ZS","","","","","","","","","","","","","","","","","","","","","","","","","","","","","","","","","","","","","","","","18.7449","17.80257","18.57395","18.83818","18.324","17.86329","17.16103","17.25575","15.95278","17.0867","15.9144","15.30056","15.2685","18.16251","17.82235","17.66172","18.64104","18.65667","","","","","","","","",
"Italy","ITA","Government expenditure per student, secondary (% of GDP per capita)","SE.XPD.SECO.PC.ZS","","","","","","","","","","","","","","","","","","","","","","","","","","","","","","","","","","","","","","","26.45973","26.66567","25.61669","28.96487","25.89904","27.12478","25.90226","25.41326","26.91962","23.82647","25.24489","25.25676","23.94346","22.57048","22.53656","22.90814","22.22138","22.90489","","","","","","","","","",
"Jamaica","JAM","Government expenditure per student, secondary (% of GDP per capita)","SE.XPD.SECO.PC.ZS","","","","","","","","","","","","","","","","","","","","","","","","","","","","","","","","","","","","","","","","","","","","20.59758","18.0983","19.3919","","20.67751","27.82381","23.93507","25.0147","26.91643","","30.84302","24.15659","28.75004","27.60237","27.15691","29.72732","","","","","","",
"Jordan","JOR","Government expenditure per student, secondary (% of GDP per capita)","SE.XPD.SECO.PC.ZS","","","","","","","","","","","","","","","","","","","","","","","","","","","","","","","","","","","","","","","","16.99921","","","17.94886","19.73128","18.54845","20.30219","17.61706","17.8379","16.58898","","","18.64112","","","","","","17.09086","15.58689","","","","","","",
"Japan","JPN","Government expenditure per student, secondary (% of GDP per capita)","SE.XPD.SECO.PC.ZS","","","","","","","","","","","","","","","","","","","","","","","","","","","","","","","","","","","","","","","","","","","","","","","","","","","","","","24.73159","24.01273","","24.05154","","","","","","","","",
"Kazakhstan","KAZ","Government expenditure per student, secondary (% of GDP per capita)","SE.XPD.SECO.PC.ZS","","","","","","","","","","","","","","","","","","","","","","","","","","","","","","","","","","","","","","21.9914","","","","","","","","","","","","","","","","18.6624","19.54299","19.15682","21.20877","","","","","","","","",
"Kenya","KEN","Government expenditure per student, secondary (% of GDP per capita)","SE.XPD.SECO.PC.ZS","","","","","","","","","","","","","","","","","","","","","","","","","","","","","","","","","","","","","","","","","14.67202","16.14841","","20.79943","22.77824","","21.66303","","","","","","","","","","","","","","","","","","",
"Kyrgyz Republic","KGZ","Government expenditure per student, secondary (% of GDP per capita)","SE.XPD.SECO.PC.ZS","","","","","","","","","","","","","","","","","","","","","","","","","","","","","","","","","","","","","","","","","","","","","","","","","","","","","","","","","","","","","","","","","",
"Cambodia","KHM","Government expenditure per student, secondary (% of GDP per capita)","SE.XPD.SECO.PC.ZS","","","","","","","","","","","","","","","","","","","","","","","","","","","","","","","","","","","","","","","10.83472","","","6.05226","","","","","","","","","","","","","","","","","","","","","","","",
"Kiribati","KIR","Government expenditure per student, secondary (% of GDP per capita)","SE.XPD.SECO.PC.ZS","","","","","","","","","","","","","","","","","","","","","","","","","","","","","","","","","","","","","","","","","","","","","","","","","","","","","","","","","","","","","","","","","",
"St. Kitts and Nevis","KNA","Government expenditure per student, secondary (% of GDP per capita)","SE.XPD.SECO.PC.ZS","","","","","","","","","","","","","","","","","","","","","","","","","","","","","","","","","","","","","","","","","","","","","","","","","","","","","","","","12.43709","17.55246","","","","","","","","",
"Korea, Rep.","KOR","Government expenditure per student, secondary (% of GDP per capita)","SE.XPD.SECO.PC.ZS","","","","","","","","","","","","","","","","","","","","","","","","","","","","","","","","","","","","","","","13.7966","14.37284","","","","","","","","","","","","","","","","","28.17817","","","","","","","","",
"Kuwait","KWT","Government expenditure per student, secondary (% of GDP per capita)","SE.XPD.SECO.PC.ZS","","","","","","","","","","","","","","","","","","","","","","","","","","","","","","","","","","","","","","0","","","","","","19.01153","16.05232","15.45381","13.07471","","13.97006","","","21.75684","","","17.29438","","","","","","","","","","",
"Latin America & Caribbean (excluding high income)","LAC","Government expenditure per student, secondary (% of GDP per capita)","SE.XPD.SECO.PC.ZS","","","","","","","","","","","","","","","","","","","","","","","","","","","","","","","","","","","","","","","","","12.89406","","10.81307","","12.94152","13.00607","","12.333665","14.72197","15.38007","14.031145","14.43288","12.3136","15.885795","15.39478","15.20393","14.91552","","","","","","","","",
"Lao PDR","LAO","Government expenditure per student, secondary (% of GDP per capita)","SE.XPD.SECO.PC.ZS","","","","","","","","","","","","","","","","","","","","","","","","","","","","","","","","","","","","","","18.22121","","","","","9.20525","","","","","","","7.56247","7.34751","7.98237","7.79207","14.51405","12.53244","","","","","","","","","","",
"Lebanon","LBN","Government expenditure per student, secondary (% of GDP per capita)","SE.XPD.SECO.PC.ZS","","","","","","","","","","","","","","","","","","","","","","","","","","","","","","","","","","","","","","","","","","","","","","","","","","","","","4.53323","6.3953","","","","","","","","","","","",
"Liberia","LBR","Government expenditure per student, secondary (% of GDP per capita)","SE.XPD.SECO.PC.ZS","","","","","","","","","","","","","","","","","","","","","","","","","","","","","","","","","","","","","","","","","","","","","","","","","","","","","","","","17.73005","","","","","","","","","",
"Libya","LBY","Government expenditure per student, secondary (% of GDP per capita)","SE.XPD.SECO.PC.ZS","","","","","","","","","","","","","","","","","","","","","","","","","","","","","","","","","","","","","","","","","","","","","","","","","","","","","","","","","","","","","","","","","",
"St. Lucia","LCA","Government expenditure per student, secondary (% of GDP per capita)","SE.XPD.SECO.PC.ZS","","","","","","","","","","","","","","","","","","","","","","","","","","","","","","","","","","","","","","","","20.74358","","","","","16.11956","","","","","15.82782","18.70998","19.16884","19.48157","21.05807","23.02499","26.01769","24.94055","","22.74112","","","","","","",
"Latin America & Caribbean","LCN","Government expenditure per student, secondary (% of GDP per capita)","SE.XPD.SECO.PC.ZS","","","","","","","","","","","","","","","","","","","","","","","","","","","","","","","","","","","","","","","","","13.581665","","12.11779","","12.449425","12.63158","","12.64539","14.912265","16.28547","15.0084","14.55474","13.49473","15.885795","15.39478","15.20393","15.0163","","","","","","","","",
"Least developed countries: UN classification","LDC","Government expenditure per student, secondary (% of GDP per capita)","SE.XPD.SECO.PC.ZS","","","","","","","","","","","","","","","","","","","","","","","","","","","","","","","","","","","","","","","","","","","","","","","","","","","","15.26261","","","","","","","","","","","","","",
"Low income","LIC","Government expenditure per student, secondary (% of GDP per capita)","SE.XPD.SECO.PC.ZS","","","","","","","","","","","","","","","","","","","","","","","","","","","","","","","","","","","","","","","","","","","","","","","","","","","","22.057415","","","","","","","","","","","","","",
"Liechtenstein","LIE","Government expenditure per student, secondary (% of GDP per capita)","SE.XPD.SECO.PC.ZS","","","","","","","","","","","","","","","","","","","","","","","","","","","","","","","","","","","","","","","","","","","","10.99839","10.89959","","10.64002","10.08763","11.84644","","12.40095","13.34068","","","","","","","","","","","","","",
"Sri Lanka","LKA","Government expenditure per student, secondary (% of GDP per capita)","SE.XPD.SECO.PC.ZS","","","","","","","","","","","","","","","","","","","","","","","","","","","","","","","","","","","","","","","","","","","","","","","","","","","7.33734","7.37514","5.99061","6.2864","","","14.07718","11.52081","7.6737","","","","","","",
"Lower middle income","LMC","Government expenditure per student, secondary (% of GDP per capita)","SE.XPD.SECO.PC.ZS","","","","","","","","","","","","","","","","","","","","","","","","","","","","","","","","","","","","","","","","","","","","","","","","","","","","","","","","","","","","","","","","","",
"Low & middle income","LMY","Government expenditure per student, secondary (% of GDP per capita)","SE.XPD.SECO.PC.ZS","","","","","","","","","","","","","","","","","","","","","","","","","","","","","","","","","","","","","","","","","","","","","","","","","","","","","","","","","","","","","","","","","",
"Lesotho","LSO","Government expenditure per student, secondary (% of GDP per capita)","SE.XPD.SECO.PC.ZS","","","","","","","","","","","","","","","","","","","","","","","","","","","","","","","","","","","","","","125.03304","","74.63327","76.61741","60.94899","","","","49.2689","42.51518","","48.42486","","","","","","","","","","29.99591","","","","","","",
"Late-demographic dividend","LTE","Government expenditure per student, secondary (% of GDP per capita)","SE.XPD.SECO.PC.ZS","","","","","","","","","","","","","","","","","","","","","","","","","","","","","","","","","","","","","","","","","","","","","17.089335","","","","17.85923","20.54694","19.96232","20.47797","","20.0836","","","","","","","","","","","",
"Lithuania","LTU","Government expenditure per student, secondary (% of GDP per capita)","SE.XPD.SECO.PC.ZS","","","","","","","","","","","","","","","","","","","","","","","","","","","","","","","","","","","","","","","","","","","","19.6426","20.67074","19.32105","19.49586","18.97511","21.28845","25.74526","21.47123","19.26853","18.51143","18.30123","18.28679","17.42974","17.89823","","","","","","","","",
"Luxembourg","LUX","Government expenditure per student, secondary (% of GDP per capita)","SE.XPD.SECO.PC.ZS","","","","","","","","","","","","","","","","","","","","","","","","","","","","","","","","","","","","","","","","","","","","23.40646","22.38807","22.60367","20.22111","18.5065","22.25933","","19.89421","17.70726","21.60472","19.89466","20.53711","19.40807","","","","","","","","","",
"Latvia","LVA","Government expenditure per student, secondary (% of GDP per capita)","SE.XPD.SECO.PC.ZS","","","","","","","","","","","","","","","","","","","","","","","","","","","","","","","","","","","","","","35.13865","23.03834","22.97599","22.86299","24.01232","24.62165","22.93571","22.5048","","17.3995","21.72997","26.16182","30.33621","27.765","25.83417","34.982","36.94747","27.415","28.27553","26.43476","","","","","","","","",
"Macao SAR, China","MAC","Government expenditure per student, secondary (% of GDP per capita)","SE.XPD.SECO.PC.ZS","","","","","","","","","","","","","","","","","","","","","","","","","","","","","","","","","","","","","","","","","10.09118","","","","","","","","","","","","","","","","","","","","","","","","",
"St. Martin (French part)","MAF","Government expenditure per student, secondary (% of GDP per capita)","SE.XPD.SECO.PC.ZS","","","","","","","","","","","","","","","","","","","","","","","","","","","","","","","","","","","","","","","","","","","","","","","","","","","","","","","","","","","","","","","","","",
"Morocco","MAR","Government expenditure per student, secondary (% of GDP per capita)","SE.XPD.SECO.PC.ZS","","","","","","","","","","","","","","","","","","","","","","","","","","","","","","","","","","","","","","","43.46487","43.46374","","41.33937","42.65523","40.70512","38.16836","55.23619","34.28033","37.37614","32.85369","30.66528","34.25907","33.82673","36.35944","","","","","","","","","","","","",
"Monaco","MCO","Government expenditure per student, secondary (% of GDP per capita)","SE.XPD.SECO.PC.ZS","","","","","","","","","","","","","","","","","","","","","","","","","","","","","","","","","","","","","","7.14001","6.99002","6.92836","6.70746","","","","6.2045","","","","","6.16719","5.90471","9.62806","12.41219","8.47234","5.0766","","4.9479","","","","","","","","",
"Moldova","MDA","Government expenditure per student, secondary (% of GDP per capita)","SE.XPD.SECO.PC.ZS","","","","","","","","","","","","","","","","","","","","","","","","","","","","","","","","","","","","","","","","","","","","","","","","38.35193","31.61281","39.37079","32.78984","31.92282","31.59522","","32.40743","32.85989","30.51211","30.9975","31.08682","","","","","","",
"Madagascar","MDG","Government expenditure per student, secondary (% of GDP per capita)","SE.XPD.SECO.PC.ZS","","","","","","","","","","","","","","","","","","","","","","","","","","","","","","","","","","","","","","","","","","","","","","21.49602","15.4034","12.51796","13.59396","11.63491","","10.27007","8.40601","","","","","","","","","","","","",
"Maldives","MDV","Government expenditure per student, secondary (% of GDP per capita)","SE.XPD.SECO.PC.ZS","","","","","","","","","","","","","","","","","","","","","","","","","","","","","","","","","","","","","","","","","","","","","","","","","","","","","","","","","","","","","","","","","",
"Middle East & North Africa","MEA","Government expenditure per student, secondary (% of GDP per capita)","SE.XPD.SECO.PC.ZS","","","","","","","","","","","","","","","","","","","","","","","","","","","","","","","","","","","","","","","","","","","","","","","","","","","","","","","","","","","","","","","","","",
"Mexico","MEX","Government expenditure per student, secondary (% of GDP per capita)","SE.XPD.SECO.PC.ZS","","","","","","","","","","","","","","","","","","","","","","","","","","","","","","","","","","","","","","","14.13979","11.50334","","15.64125","13.42251","14.97844","14.02877","14.71323","13.83766","13.57756","13.40078","15.38007","15.24485","15.30209","15.32661","15.53822","15.39478","15.20393","14.42638","","","","","","","","",
"Marshall Islands","MHL","Government expenditure per student, secondary (% of GDP per capita)","SE.XPD.SECO.PC.ZS","","","","","","","","","","","","","","","","","","","","","","","","","","","","","","","","","","","","","","","","","","","27.80286","","","","","","","","","","","","","","","","","","","","","","",
"Middle income","MIC","Government expenditure per student, secondary (% of GDP per capita)","SE.XPD.SECO.PC.ZS","","","","","","","","","","","","","","","","","","","","","","","","","","","","","","","","","","","","","","","","","","","","","","","","","","","","","","","","","","","","","","","","","",
"North Macedonia","MKD","Government expenditure per student, secondary (% of GDP per capita)","SE.XPD.SECO.PC.ZS","","","","","","","","","","","","","","","","","","","","","","","","","","","","","","","","","","","","","","","","","","","","","","","","","","","","","","","","","","","","","","","","","",
"Mali","MLI","Government expenditure per student, secondary (% of GDP per capita)","SE.XPD.SECO.PC.ZS","","","","","","","","","","","","","","","","","","","","","","","","","","","","","","","","","","","","","","","57.93315","43.31578","","","","","","","","","34.32229","32.30202","35.6859","26.9387","","24.59454","21.93312","23.14329","20.51885","25.49535","","","","","","","",
"Malta","MLT","Government expenditure per student, secondary (% of GDP per capita)","SE.XPD.SECO.PC.ZS","","","","","","","","","","","","","","","","","","","","","","","","","","","","","","","","","","","","","","","19.79012","","","","20.36733","","17.24774","","","27.82559","31.51155","","32.91001","65.04481","40.50117","39.16536","34.51957","29.54522","","","","","","","","","",
"Myanmar","MMR","Government expenditure per student, secondary (% of GDP per capita)","SE.XPD.SECO.PC.ZS","","","","","","","","","","","","","","","","","","","","","","","","","","","","","","","","","","","","","","","","","","","","","","","","","","","","","","","","","","11.39294","10.30288","","","","","","",
"Middle East & North Africa (excluding high income)","MNA","Government expenditure per student, secondary (% of GDP per capita)","SE.XPD.SECO.PC.ZS","","","","","","","","","","","","","","","","","","","","","","","","","","","","","","","","","","","","","","","","","","","19.81453","","","","","","","","","","","","","","","","","","","","","","",
"Montenegro","MNE","Government expenditure per student, secondary (% of GDP per capita)","SE.XPD.SECO.PC.ZS","","","","","","","","","","","","","","","","","","","","","","","","","","","","","","","","","","","","","","","","","","","","","","","","","","","","","","","","","","","","","","","","","",
"Mongolia","MNG","Government expenditure per student, secondary (% of GDP per capita)","SE.XPD.SECO.PC.ZS","","","","","","","","","","","","","","","","","","","","","","","","","","","","","","","","","","","","","","29.13959","","","","","","","10.63871","","","","","","15.40936","","","","","","","","","","","","","","",
"Northern Mariana Islands","MNP","Government expenditure per student, secondary (% of GDP per capita)","SE.XPD.SECO.PC.ZS","","","","","","","","","","","","","","","","","","","","","","","","","","","","","","","","","","","","","","","","","","","","","","","","","","","","","","","","","","","","","","","","","",
"Mozambique","MOZ","Government expenditure per student, secondary (% of GDP per capita)","SE.XPD.SECO.PC.ZS","","","","","","","","","","","","","","","","","","","","","","","","","","","","","","","","","","","","","","","","","","","","","","","71.6733","","","","","","61.07715","50.23933","","","","","","","","","","","",
"Mauritania","MRT","Government expenditure per student, secondary (% of GDP per capita)","SE.XPD.SECO.PC.ZS","","","","","","","","","","","","","","","","","","","","","","","","","","","","","","","","","","","","","","39.26591","","31.75508","","","","","","21.00296","","","30.82428","","26.51682","18.63417","19.45241","15.27856","","17.85968","14.17252","","","","","","","","",
"Mauritius","MUS","Government expenditure per student, secondary (% of GDP per capita)","SE.XPD.SECO.PC.ZS","","","","","","","","","","","","","","","","","","","","","","","","","","","","","","","","","","","","","","","","","","13.94423","12.5487","17.90235","17.18023","16.99654","16.23509","","14.28882","14.12152","18.40825","16.02497","18.15235","19.19303","28.72759","30.67578","31.32815","31.95951","31.32456","","","","","","",
"Malawi","MWI","Government expenditure per student, secondary (% of GDP per capita)","SE.XPD.SECO.PC.ZS","","","","","","","","","","","","","","","","","","","","","","","","","","","","","","","","","","","","","","","","9.55457","25.08969","21.81999","","","","","","","","","17.40599","24.92814","","23.88129","20.54724","26.41518","24.02977","","","","","","","","",
"Malaysia","MYS","Government expenditure per student, secondary (% of GDP per capita)","SE.XPD.SECO.PC.ZS","","","","","","","","","","","","","","","","","","","","","","","","","","","","","","","","","","","","","","16.59577","","","21.67149","26.3833","27.00911","25.10558","20.26725","","13.8087","13.77379","11.99764","21.34924","18.05817","19.1991","20.8482","20.06423","","","21.14754","22.59321","22.81098","","","","","","",
"North America","NAC","Government expenditure per student, secondary (% of GDP per capita)","SE.XPD.SECO.PC.ZS","","","","","","","","","","","","","","","","","","","","","","","","","","","","","","","","","","","","","","","","","","","","","","","","","","","24.28969","21.111395","22.76782","22.58939","22.36455","21.68055","22.1348","","","","","","","","",
"Namibia","NAM","Government expenditure per student, secondary (% of GDP per capita)","SE.XPD.SECO.PC.ZS","","","","","","","","","","","","","","","","","","","","","","","","","","","","","","","","","","","","","","","","31.00648","28.90936","27.72323","22.71822","21.71214","","","18.47535","","15.36475","","","","","","","","","","","","","","","","",
"New Caledonia","NCL","Government expenditure per student, secondary (% of GDP per capita)","SE.XPD.SECO.PC.ZS","","","","","","","","","","","","","","","","","","","","","","","","","","","","","","","","","","","","","","","","","","","","","","","","","","","","","","","","","","","","","","","","","",
"Niger","NER","Government expenditure per student, secondary (% of GDP per capita)","SE.XPD.SECO.PC.ZS","","","","","","","","","","","","","","","","","","","","","","","","","","","","","","","","","","","","","","","","","","","","","","","46.83824","52.80296","50.94294","58.7501","42.6507","51.05611","47.21979","51.99767","73.18089","65.02605","20.61046","17.13543","","","","","","","",
"Nigeria","NGA","Government expenditure per student, secondary (% of GDP per capita)","SE.XPD.SECO.PC.ZS","","","","","","","","","","","","","","","","","","","","","","","","","","","","","","","","","","","","","","","","","","","","","","","","","","","","","","","","","","","","","","","","","",
"Nicaragua","NIC","Government expenditure per student, secondary (% of GDP per capita)","SE.XPD.SECO.PC.ZS","","","","","","","","","","","","","","","","","","","","","","","","","","","","","","","","","","","","","","","","","","","","","","2.97574","3.5145","","","","7.42901","","","","","","","","","","","","","","",
"Netherlands","NLD","Government expenditure per student, secondary (% of GDP per capita)","SE.XPD.SECO.PC.ZS","","","","","","","","","","","","","","","","","","","","","","","","","","","","","","","","","","","","","","","19.95678","","","","","","","","","","","","","","","","","22.73967","23.12418","","","","","","","","",
"Norway","NOR","Government expenditure per student, secondary (% of GDP per capita)","SE.XPD.SECO.PC.ZS","","","","","","","","","","","","","","","","","","","","","","","","","","","","","","","","","","","","","","18.13375","29.75334","","","","29.99078","31.71205","29.40803","28.10482","25.36861","25.6322","24.61355","28.30466","26.76168","25.75067","","24.491","24.28563","26.35316","26.78578","","","","","","","","",
"Nepal","NPL","Government expenditure per student, secondary (% of GDP per capita)","SE.XPD.SECO.PC.ZS","","","","","","","","","","","","","","","","","","","","","","","","","","","","","","","","","","","","","","","","12.99079","11.39166","13.49722","10.48057","9.32593","","","","","10.52313","12.27842","11.05385","11.58327","10.77751","9.68304","11.22859","10.45324","","","","","","","","","",
"Nauru","NRU","Government expenditure per student, secondary (% of GDP per capita)","SE.XPD.SECO.PC.ZS","","","","","","","","","","","","","","","","","","","","","","","","","","","","","","","","","","","","","","","","","","","","","","","","","","","","","","","","","","","","","","","","","",
"New Zealand","NZL","Government expenditure per student, secondary (% of GDP per capita)","SE.XPD.SECO.PC.ZS","","","","","","","","","","","","","","","","","","","","","","","","","","","","","","","","","","","","","","21.57709","","","","","","","","","","","","","","","","21.67271","21.18582","20.84411","21.11448","","","","","","","","",
"OECD members","OED","Government expenditure per student, secondary (% of GDP per capita)","SE.XPD.SECO.PC.ZS","","","","","","","","","","","","","","","","","","","","","","","","","","","","","","","","","","","","","","","20.10304","23.516755","22.354025","23.06002","23.63757","24.331795","23.05623","22.88599","22.87955","22.80694","25.24489","26.9248","26.05485","24.822315","23.04534","23.19542","23.07045","22.73967","22.432585","","","","","","","","",
"Oman","OMN","Government expenditure per student, secondary (% of GDP per capita)","SE.XPD.SECO.PC.ZS","","","","","","","","","","","","","","","","","","","","","","","","","","","","","","","","","","","","","","18.90746","21.62649","","","","16.34575","","","12.25054","","","","15.0388","","17.59157","","20.53883","","","34.97368","36.02522","","","","","","","",
"Other small states","OSS","Government expenditure per student, secondary (% of GDP per capita)","SE.XPD.SECO.PC.ZS","","","","","","","","","","","","","","","","","","","","","","","","","","","","","","","","","","","","","","","","24.707405","","25.1553","22.8178","26.16631","24.885095","27.7316","30.00381","","28.34709","32.12687","29.310285","26.74646","18.15235","19.19303","25.99991","22.25324","26.2497","","","","","","","","",
"Pakistan","PAK","Government expenditure per student, secondary (% of GDP per capita)","SE.XPD.SECO.PC.ZS","","","","","","","","","","","","","","","","","","","","","","","","","","","","","","","","","","","","","","","","","","","","","","","","","","","","","","10.87309","13.9479","16.02248","","","","","","","","","",
"Panama","PAN","Government expenditure per student, secondary (% of GDP per capita)","SE.XPD.SECO.PC.ZS","","","","","","","","","","","","","","","","","","","","","","","","","","","","","","","","","","","","","","","","18.50949","20.87805","13.71771","15.35444","","11.95733","","","14.48871","","","","9.18672","","","","","","","","","","","","","",
"Peru","PER","Government expenditure per student, secondary (% of GDP per capita)","SE.XPD.SECO.PC.ZS","","","","","","","","","","","","","","","","","","","","","","","","","","","","","","","","","","","","","","","11.24762","10.48457","10.20971","9.69256","9.17781","10.38448","10.60857","10.05427","10.42083","10.21761","10.45471","11.37876","10.64755","9.16381","10.52528","10.23723","12.77849","13.8863","13.93289","15.06599","14.64931","","","","","","",
"Philippines","PHL","Government expenditure per student, secondary (% of GDP per capita)","SE.XPD.SECO.PC.ZS","","","","","","","","","","","","","","","","","","","","","","","","","","","","","","","","","","","","","","10.66986","","","10.31704","9.08819","8.92556","9.83623","8.84724","8.90511","","8.8309","9.19364","","","","","","","","","","","","","","","","",
"Palau","PLW","Government expenditure per student, secondary (% of GDP per capita)","SE.XPD.SECO.PC.ZS","","","","","","","","","","","","","","","","","","","","","","","","","","","","","","","","","","","","","","","","","","","","","","","","","","","","","","","","","","","","","","","","","",
"Papua New Guinea","PNG","Government expenditure per student, secondary (% of GDP per capita)","SE.XPD.SECO.PC.ZS","","","","","","","","","","","","","","","","","","","","","","","","","","","","","","","","","","","","","","","","","","","","","","","","","","","","","","","","","","","","","","","","","",
"Poland","POL","Government expenditure per student, secondary (% of GDP per capita)","SE.XPD.SECO.PC.ZS","","","","","","","","","","","","","","","","","","","","","","","","","","","","","","","","","","","","","","","10.81468","","","","19.81825","19.68689","21.37206","22.0079","22.87955","21.77817","22.70049","23.74239","24.09019","23.31435","22.38784","22.88532","22.73332","22.34623","22.56102","","","","","","","","",
"Pre-demographic dividend","PRE","Government expenditure per student, secondary (% of GDP per capita)","SE.XPD.SECO.PC.ZS","","","","","","","","","","","","","","","","","","","","","","","","","","","","","","","","","","","","","","","","","","","","","","","","","","","","","","","","","","","","","","","","","",
"Puerto Rico","PRI","Government expenditure per student, secondary (% of GDP per capita)","SE.XPD.SECO.PC.ZS","","","","","","","","","","","","","","","","","","","","","","","","","","","","","","","","","","","","","","","","","","","","","","","","","","","","","","20.60727","20.17815","","","","","","","","","","",
"Korea, Dem. People's Rep.","PRK","Government expenditure per student, secondary (% of GDP per capita)","SE.XPD.SECO.PC.ZS","","","","","","","","","","","","","","","","","","","","","","","","","","","","","","","","","","","","","","","","","","","","","","","","","","","","","","","","","","","","","","","","","",
"Portugal","PRT","Government expenditure per student, secondary (% of GDP per capita)","SE.XPD.SECO.PC.ZS","","","","","","","","","","","","","","","","","","","","","","","","","","","","","","","","","","","","","","","","26.39854","27.45393","28.86026","28.96929","29.5211","32.70983","32.41884","31.53999","30.14913","30.21151","37.1795","34.8872","32.56221","27.56725","30.61593","29.07866","27.69333","","","","","","","","","",
"Paraguay","PRY","Government expenditure per student, secondary (% of GDP per capita)","SE.XPD.SECO.PC.ZS","","","","","","","","","","","","","","","","","","","","","","","","","","","","","","","","","","","","","","","","","14.66569","12.06286","10.27673","10.62564","9.31517","","","10.91447","","","11.16064","12.62","12.3136","","","","11.92418","","","","","","","","",
"West Bank and Gaza","PSE","Government expenditure per student, secondary (% of GDP per capita)","SE.XPD.SECO.PC.ZS","","","","","","","","","","","","","","","","","","","","","","","","","","","","","","","","","","","","","","","","","","","","","","","","","","","","","","","","","","","","","","","","","",
"Pacific island small states","PSS","Government expenditure per student, secondary (% of GDP per capita)","SE.XPD.SECO.PC.ZS","","","","","","","","","","","","","","","","","","","","","","","","","","","","","","","","","","","","","","","","","","","","","","","","","","","","","","","","","","","","","","","","","",
"Post-demographic dividend","PST","Government expenditure per student, secondary (% of GDP per capita)","SE.XPD.SECO.PC.ZS","","","","","","","","","","","","","","","","","","","","","","","","","","","","","","","","","","","","","","","","","","","24.33024","25.50515","25.683165","25.378395","24.92199","24.6169","25.37782","27.61234","26.2857","25.89147","24.1497","24.117755","23.775505","23.05669","23.048605","","","","","","","","",
"French Polynesia","PYF","Government expenditure per student, secondary (% of GDP per capita)","SE.XPD.SECO.PC.ZS","","","","","","","","","","","","","","","","","","","","","","","","","","","","","","","","","","","","","","","","","","","","","","","","","","","","","","","","","","","","","","","","","",
"Qatar","QAT","Government expenditure per student, secondary (% of GDP per capita)","SE.XPD.SECO.PC.ZS","","","","","","","","","","","","","","","","","","","","","","","","","","","","","","","","","","","","","","","","","","","","","","","","","","10.85565","","","","","","","","","","","","","","","",
"Romania","ROU","Government expenditure per student, secondary (% of GDP per capita)","SE.XPD.SECO.PC.ZS","","","","","","","","","","","","","","","","","","","","","","","","","","","","","","","","","","","","","","","","","","","","13.8321","14.68813","15.81047","8.85216","15.6459","15.58671","15.63875","13.88837","11.84421","12.52425","13.97064","16.27173","16.19413","15.1606","","","","","","","","",
"Russian Federation","RUS","Government expenditure per student, secondary (% of GDP per capita)","SE.XPD.SECO.PC.ZS","","","","","","","","","","","","","","","","","","","","","","","","","","","","","","","","","","","","","","","","","","","","","","","","","","","","","","","","","","","","","","","","","",
"Rwanda","RWA","Government expenditure per student, secondary (% of GDP per capita)","SE.XPD.SECO.PC.ZS","","","","","","","","","","","","","","","","","","","","","","","","","","","","","","","","","","","","","","","","","39.99465","","","","","","","29.26114","30.79338","","34.49434","36.07236","32.57273","37.42272","","31.21191","37.14513","","21.67381","","","","","","",
"South Asia","SAS","Government expenditure per student, secondary (% of GDP per capita)","SE.XPD.SECO.PC.ZS","","","","","","","","","","","","","","","","","","","","","","","","","","","","","","","","","","","","","","","","12.99079","11.39166","","","11.27777","","","","","","12.27842","12.56133","11.58327","10.41856","10.87309","12.03027","10.45324","11.98575","","","","","","","","",
"Saudi Arabia","SAU","Government expenditure per student, secondary (% of GDP per capita)","SE.XPD.SECO.PC.ZS","","","","","","","","","","","","","","","","","","","","","","","","","","","","","","","","","","","","","","","","","","","","","","","","17.60221","","","","","","","","","","","","","","","","","",
"Sudan","SDN","Government expenditure per student, secondary (% of GDP per capita)","SE.XPD.SECO.PC.ZS","","","","","","","","","","","","","","","","","","","","","","","","","","","","","","","","","","","","","","","","","","","","","","","","","","","","","","","","","","","","","","","","","",
"Senegal","SEN","Government expenditure per student, secondary (% of GDP per capita)","SE.XPD.SECO.PC.ZS","","","","","","","","","","","","","","","","","","","","","","","","","","","","","","","","","","","","","","","27.6868","","","","","","","24.85249","24.26211","","19.78577","","25.26933","21.36241","18.64888","20.89553","24.6833","20.54068","11.42773","","11.4156","","","","","","",
"Singapore","SGP","Government expenditure per student, secondary (% of GDP per capita)","SE.XPD.SECO.PC.ZS","","","","","","","","","","","","","","","","","","","","","","","","","","","","","","","","","","","","","","","","","","","","","","","","","13.99204","15.6371","16.53481","","","","","","","21.63771","","","","","","","",
"Solomon Islands","SLB","Government expenditure per student, secondary (% of GDP per capita)","SE.XPD.SECO.PC.ZS","","","","","","","","","","","","","","","","","","","","","","","","","","","","","","","","","","","","","","","","","","","","","","","","","","","","","","","","","","","","","","","","","",
"Sierra Leone","SLE","Government expenditure per student, secondary (% of GDP per capita)","SE.XPD.SECO.PC.ZS","","","","","","","","","","","","","","","","","","","","","","","","","","","","","","","","","","","","","","","","","","","","","","","","","","","","13.05762","11.5789","8.67264","","","5.51217","14.26684","","","","","","","",
"El Salvador","SLV","Government expenditure per student, secondary (% of GDP per capita)","SE.XPD.SECO.PC.ZS","","","","","","","","","","","","","","","","","","","","","","","","","","","","","","","","","","","","","","","8.64049","","8.24421","","10.81307","10.10743","","10.67232","9.24382","11.08977","11.17529","14.84428","13.05389","","11.63169","11.50642","11.86216","13.09878","15.0163","15.53204","15.0804","","","","","","",
"San Marino","SMR","Government expenditure per student, secondary (% of GDP per capita)","SE.XPD.SECO.PC.ZS","","","","","","","","","","","","","","","","","","","","","","","","","","","","","","","","","","","","","","","","","","","","","","","","","","","12.21286","11.39374","","","","","","","","","","","","","",
"Somalia","SOM","Government expenditure per student, secondary (% of GDP per capita)","SE.XPD.SECO.PC.ZS","","","","","","","","","","","","","","","","","","","","","","","","","","","","","","","","","","","","","","","","","","","","","","","","","","","","","","","","","","","","","","","","","",
"Serbia","SRB","Government expenditure per student, secondary (% of GDP per capita)","SE.XPD.SECO.PC.ZS","","","","","","","","","","","","","","","","","","","","","","","","","","","","","","","","","","","","","","","","","","","","","","","","12.24961","12.73452","12.82325","12.42232","12.3174","","","","11.11718","","","","","","","","","",
"Sub-Saharan Africa (excluding high income)","SSA","Government expenditure per student, secondary (% of GDP per capita)","SE.XPD.SECO.PC.ZS","","","","","","","","","","","","","","","","","","","","","","","","","","","","","","","","","","","","","","","","","","","","","","","","","","","","","","","","","","","","","","","","","",
"South Sudan","SSD","Government expenditure per student, secondary (% of GDP per capita)","SE.XPD.SECO.PC.ZS","","","","","","","","","","","","","","","","","","","","","","","","","","","","","","","","","","","","","","","","","","","","","","","","","","","","6.97597","","","","","11.94795","","","","","","","","",
"Sub-Saharan Africa","SSF","Government expenditure per student, secondary (% of GDP per capita)","SE.XPD.SECO.PC.ZS","","","","","","","","","","","","","","","","","","","","","","","","","","","","","","","","","","","","","","","","","","","","","","","","","","","","","","","","","","","","","","","","","",
"Small states","SST","Government expenditure per student, secondary (% of GDP per capita)","SE.XPD.SECO.PC.ZS","","","","","","","","","","","","","","","","","","","","","","","","","","","","","","","","","","","","","","","","24.707405","","25.1553","22.8178","26.16631","24.885095","27.7316","30.00381","","28.34709","32.12687","29.310285","26.74646","18.15235","19.19303","25.99991","22.25324","26.2497","","","","","","","","",
"Sao Tome and Principe","STP","Government expenditure per student, secondary (% of GDP per capita)","SE.XPD.SECO.PC.ZS","","","","","","","","","","","","","","","","","","","","","","","","","","","","","","","","","","","","","","","","","","","","","","","","","","","","","18.0547","19.08887","8.55706","","","","","","","","","","",
"Suriname","SUR","Government expenditure per student, secondary (% of GDP per capita)","SE.XPD.SECO.PC.ZS","","","","","","","","","","","","","","","","","","","","","","","","","","","","","","","","","","","","","","","","","","","","","","","","","","","","","","","","","","","","","","","","","",
"Slovak Republic","SVK","Government expenditure per student, secondary (% of GDP per capita)","SE.XPD.SECO.PC.ZS","","","","","","","","","","","","","","","","","","","","","","","","","","","","","","","","","","","","","","7.93639","","18.14052","15.85101","16.3786","18.26466","17.10819","16.50568","14.92814","14.46808","14.3347","14.65799","17.8898","18.94678","17.98288","18.4171","20.10297","20.95832","21.11401","20.08462","","","","","","","","",
"Slovenia","SVN","Government expenditure per student, secondary (% of GDP per capita)","SE.XPD.SECO.PC.ZS","","","","","","","","","","","","","","","","","","","","","","","","","","","","","","","","","","","","","","","","","","25.1071","24.05205","24.32286","","","","","","","30.54208","30.79892","29.50126","25.82525","25.09888","23.9989","23.0407","","","","","","","","",
"Sweden","SWE","Government expenditure per student, secondary (% of GDP per capita)","SE.XPD.SECO.PC.ZS","","","","","","","","","","","","","","","","","","","","","","","","","","","","","","","","","","","","","","","27.00342","24.8775","24.42232","24.13673","24.33024","24.34073","31.60848","30.73941","29.90281","29.01087","29.16087","31.16577","30.18899","31.04577","24.67428","24.79329","24.47355","23.58743","23.75742","","","","","","","","",
"Eswatini","SWZ","Government expenditure per student, secondary (% of GDP per capita)","SE.XPD.SECO.PC.ZS","","","","","","","","","","","","","","","","","","","","","","","","","","","","","","","","","","","","","","","","22.06451","24.76945","26.92297","22.8178","38.87277","24.87863","34.32874","30.00381","","27.92324","","27.64316","30.2759","","","28.22603","","","","","","","","","","",
"Sint Maarten (Dutch part)","SXM","Government expenditure per student, secondary (% of GDP per capita)","SE.XPD.SECO.PC.ZS","","","","","","","","","","","","","","","","","","","","","","","","","","","","","","","","","","","","","","","","","","","","","","","","","","","","","","","","","","","","","","","","","",
"Seychelles","SYC","Government expenditure per student, secondary (% of GDP per capita)","SE.XPD.SECO.PC.ZS","","","","","","","","","","","","","","","","","","","","","","","","","","","","","","","","","","","","","","","24.02645","","","","14.50746","15.80616","","","","","","","","7.16711","9.38732","12.4966","16.57061","","15.29976","","","","","","","","",
"Syrian Arab Republic","SYR","Government expenditure per student, secondary (% of GDP per capita)","SE.XPD.SECO.PC.ZS","","","","","","","","","","","","","","","","","","","","","","","","","","","","","","","","","","","","","","18.40428","18.51295","21.56725","23.36839","","24.36684","","","","","13.61996","","15.06868","","","14.24563","","","","","","","","","","","","",
"Turks and Caicos Islands","TCA","Government expenditure per student, secondary (% of GDP per capita)","SE.XPD.SECO.PC.ZS","","","","","","","","","","","","","","","","","","","","","","","","","","","","","","","","","","","","","","","","","27.55691","","","26.04556","","21.90039","","","","","","","","","","23.00828","","","18.42415","","","","","","",
"Chad","TCD","Government expenditure per student, secondary (% of GDP per capita)","SE.XPD.SECO.PC.ZS","","","","","","","","","","","","","","","","","","","","","","","","","","","","","","","","","","","","","","26.74776","29.3979","","","","","","25.08256","24.75466","","","","17.95653","15.08423","21.36509","12.76379","17.73265","","","","","","","","","","","",
"East Asia & Pacific (IDA & IBRD countries)","TEA","Government expenditure per student, secondary (% of GDP per capita)","SE.XPD.SECO.PC.ZS","","","","","","","","","","","","","","","","","","","","","","","","","","","","","","","","","","","","","","","","","","","","","","","","","","","","","","","","","","","","","","","","","",
"Europe & Central Asia (IDA & IBRD countries)","TEC","Government expenditure per student, secondary (% of GDP per capita)","SE.XPD.SECO.PC.ZS","","","","","","","","","","","","","","","","","","","","","","","","","","","","","","","","","","","","","","","","","","","","","","","","","","","","","","","","","","","","","","","","","",
"Togo","TGO","Government expenditure per student, secondary (% of GDP per capita)","SE.XPD.SECO.PC.ZS","","","","","","","","","","","","","","","","","","","","","","","","","","","","","","","","","","","","","","","","28.48458","21.88008","","","","","","","16.90265","","","","15.26261","","","","","","","","","","","","","",
"Thailand","THA","Government expenditure per student, secondary (% of GDP per capita)","SE.XPD.SECO.PC.ZS","","","","","","","","","","","","","","","","","","","","","","","","","","","","","","","","","","","","","","15.65279","18.82156","","","15.43465","","","14.77554","","","","7.03937","8.44554","14.0318","14.22716","18.40935","17.99841","","","","","","","","","","","",
"Tajikistan","TJK","Government expenditure per student, secondary (% of GDP per capita)","SE.XPD.SECO.PC.ZS","","","","","","","","","","","","","","","","","","","","","","","","","","","","","","","","","","","","","","","","","","","","","","","","","","","","","","","","","","","","","","","","","",
"Turkmenistan","TKM","Government expenditure per student, secondary (% of GDP per capita)","SE.XPD.SECO.PC.ZS","","","","","","","","","","","","","","","","","","","","","","","","","","","","","","","","","","","","","","","","","","","","","","","","","","","","","","","","","","","","","","","","","",
"Latin America & the Caribbean (IDA & IBRD countries)","TLA","Government expenditure per student, secondary (% of GDP per capita)","SE.XPD.SECO.PC.ZS","","","","","","","","","","","","","","","","","","","","","","","","","","","","","","","","","","","","","","","","","12.89406","","10.81307","","11.95733","11.65195","","11.86758","14.72197","15.83277","14.031145","14.55474","13.49473","15.53822","15.2483","15.20393","15.0163","","","","","","","","",
"Timor-Leste","TLS","Government expenditure per student, secondary (% of GDP per capita)","SE.XPD.SECO.PC.ZS","","","","","","","","","","","","","","","","","","","","","","","","","","","","","","","","","","","","","","","","","","","","","","","","","","","","1.4407","2.54014","4.35806","7.92381","","","","","","","","","","",
"Middle East & North Africa (IDA & IBRD countries)","TMN","Government expenditure per student, secondary (% of GDP per capita)","SE.XPD.SECO.PC.ZS","","","","","","","","","","","","","","","","","","","","","","","","","","","","","","","","","","","","","","","","","","","19.81453","","","","","","","","","","","","","","","","","","","","","","",
"Tonga","TON","Government expenditure per student, secondary (% of GDP per capita)","SE.XPD.SECO.PC.ZS","","","","","","","","","","","","","","","","","","","","","","","","","","","","","","","","","","","","","","","","","","","7.63214","8.78997","7.45081","","","","","","","","","","","","","","","","","","","","",
"South Asia (IDA & IBRD)","TSA","Government expenditure per student, secondary (% of GDP per capita)","SE.XPD.SECO.PC.ZS","","","","","","","","","","","","","","","","","","","","","","","","","","","","","","","","","","","","","","","","12.99079","11.39166","","","11.27777","","","","","","12.27842","12.56133","11.58327","10.41856","10.87309","12.03027","10.45324","11.98575","","","","","","","","",
"Sub-Saharan Africa (IDA & IBRD countries)","TSS","Government expenditure per student, secondary (% of GDP per capita)","SE.XPD.SECO.PC.ZS","","","","","","","","","","","","","","","","","","","","","","","","","","","","","","","","","","","","","","","","","","","","","","","","","","","","","","","","","","","","","","","","","",
"Trinidad and Tobago","TTO","Government expenditure per student, secondary (% of GDP per capita)","SE.XPD.SECO.PC.ZS","","","","","","","","","","","","","","","","","","","","","","","","","","","","","","","","","","","","","","","","","","","","","","","","","","","","","","","","","","","","","","","","","",
"Tunisia","TUN","Government expenditure per student, secondary (% of GDP per capita)","SE.XPD.SECO.PC.ZS","","","","","","","","","","","","","","","","","","","","","","","","","","","","","","","","","","","","","","30.75478","","25.00291","24.55713","23.80676","21.6802","23.75261","21.22075","21.87577","","","24.55746","","","","","","","52.39924","","","","","","","","","",
"Turkiye","TUR","Government expenditure per student, secondary (% of GDP per capita)","SE.XPD.SECO.PC.ZS","","","","","","","","","","","","","","","","","","","","","","","","","","","","","","","","","","","","","","","","","","","","","","","","","","","","","11.75159","11.77253","11.23364","11.56828","13.5129","","","","","","","","",
"Tuvalu","TUV","Government expenditure per student, secondary (% of GDP per capita)","SE.XPD.SECO.PC.ZS","","","","","","","","","","","","","","","","","","","","","","","","","","","","","","","","","","","","","","","","","","","","","","","","","","","","","","","","","","","","","","","","","",
"Tanzania","TZA","Government expenditure per student, secondary (% of GDP per capita)","SE.XPD.SECO.PC.ZS","","","","","","","","","","","","","","","","","","","","","","","","","","","","","","","","","","","","","","","","","","","","","","","","","","","11.78248","","","","14.94763","","","","","","","","","","",
"Uganda","UGA","Government expenditure per student, secondary (% of GDP per capita)","SE.XPD.SECO.PC.ZS","","","","","","","","","","","","","","","","","","","","","","","","","","","","","","","","","","","","","","","","","","","","","","","","","","","","","","","","","","","","","","","","","",
"Ukraine","UKR","Government expenditure per student, secondary (% of GDP per capita)","SE.XPD.SECO.PC.ZS","","","","","","","","","","","","","","","","","","","","","","","","","","","","","","","","","","","","","","","","","","","","","","","","","","","","27.50638","30.285","30.44893","25.91332","","25.63448","30.26498","","","","","","","",
"Upper middle income","UMC","Government expenditure per student, secondary (% of GDP per capita)","SE.XPD.SECO.PC.ZS","","","","","","","","","","","","","","","","","","","","","","","","","","","","","","","","","","","","","","","","","","","","","","","","","14.28882","","15.327105","","","16.23337","","","","","","","","","","","",
"Uruguay","URY","Government expenditure per student, secondary (% of GDP per capita)","SE.XPD.SECO.PC.ZS","","","","","","","","","","","","","","","","","","","","","","","","","","","","","","","","","","","","","","","","10.45415","10.00018","9.5802","8.0054","6.49528","8.44965","9.90775","10.66985","","","","","14.6766","","","","","15.93141","16.15909","","","","","","","",
"United States","USA","Government expenditure per student, secondary (% of GDP per capita)","SE.XPD.SECO.PC.ZS","","","","","","","","","","","","","","","","","","","","","","","","","","","","","","","","","","","","","","","","","","","","","","","","","","","24.28969","23.89396","22.76782","22.58939","22.36455","21.68055","22.1348","","","","","","","","",
"Uzbekistan","UZB","Government expenditure per student, secondary (% of GDP per capita)","SE.XPD.SECO.PC.ZS","","","","","","","","","","","","","","","","","","","","","","","","","","","","","","","","","","","","","","","","","","","","","","","","","","","","","","","","","","","","","","","","","",
"St. Vincent and the Grenadines","VCT","Government expenditure per student, secondary (% of GDP per capita)","SE.XPD.SECO.PC.ZS","","","","","","","","","","","","","","","","","","","","","","","","","","","","","","","","","","","","","","","","","22.45057","","","","","22.37694","","17.40456","","21.6279","17.47394","18.66055","","21.59453","21.91968","21.10035","20.37058","19.96642","20.13922","","","","","","",
"Venezuela, RB","VEN","Government expenditure per student, secondary (% of GDP per capita)","SE.XPD.SECO.PC.ZS","","","","","","","","","","","","","","","","","","","","","","","","","","","","","","","","","","","","","","","","","","","","","","","8.24842","7.96071","","16.28547","","","","","","14.79092","","","","","","","","","",
"British Virgin Islands","VGB","Government expenditure per student, secondary (% of GDP per capita)","SE.XPD.SECO.PC.ZS","","","","","","","","","","","","","","","","","","","","","","","","","","","","","","","","","","","","","","","","","","11.00726","","","12.68272","11.67684","16.14467","15.51244","","17.97091","17.77082","","","","","14.06042","","10.85147","","","","","","","",
"Virgin Islands (U.S.)","VIR","Government expenditure per student, secondary (% of GDP per capita)","SE.XPD.SECO.PC.ZS","","","","","","","","","","","","","","","","","","","","","","","","","","","","","","","","","","","","","","","","","","","","","","","","","","","","","","","","","","","","","","","","","",
"Viet Nam","VNM","Government expenditure per student, secondary (% of GDP per capita)","SE.XPD.SECO.PC.ZS","","","","","","","","","","","","","","","","","","","","","","","","","","","","","","","","","","","","","","","","","","","","","","","","","","","","","","","","","","","","","","","","","",
"Vanuatu","VUT","Government expenditure per student, secondary (% of GDP per capita)","SE.XPD.SECO.PC.ZS","","","","","","","","","","","","","","","","","","","","","","","","","","","","","","","","","","","","","","","","71.67264","61.32103","88.90806","","","","","","","","","","","","","","21.02094","","","","","","","","","",
"World","WLD","Government expenditure per student, secondary (% of GDP per capita)","SE.XPD.SECO.PC.ZS","","","","","","","","","","","","","","","","","","","","","","","","","","","","","","","","","","","","","","","","","","","","","","","","","","","","20.680485","","20.0836","","","","","","","","","","","",
"Samoa","WSM","Government expenditure per student, secondary (% of GDP per capita)","SE.XPD.SECO.PC.ZS","","","","","","","","","","","","","","","","","","","","","","","","","","","","","","","","","","","","","","","","8.90575","8.44703","9.18233","","","","","","","","","","","","","","","13.02062","","","","","","","","",
"Kosovo","XKX","Government expenditure per student, secondary (% of GDP per capita)","SE.XPD.SECO.PC.ZS","","","","","","","","","","","","","","","","","","","","","","","","","","","","","","","","","","","","","","","","","","","","","","","","","","","","","","","","","","","","","","","","","",
"Yemen, Rep.","YEM","Government expenditure per student, secondary (% of GDP per capita)","SE.XPD.SECO.PC.ZS","","","","","","","","","","","","","","","","","","","","","","","","","","","","","","","","","","","","","","","","","","","","","","","","","","","","11.76636","","","","","","","","","","","","","",
"South Africa","ZAF","Government expenditure per student, secondary (% of GDP per capita)","SE.XPD.SECO.PC.ZS","","","","","","","","","","","","","","","","","","","","","","","","","","","","","","","","","","","","","","","","20.36805","17.83616","17.4304","16.98154","18.19248","18.97489","16.98142","16.21459","16.95974","15.44291","17.27179","19.37539","21.43582","21.079","","","19.08402","","19.5657","21.375","","","","","","",
"Zambia","ZMB","Government expenditure per student, secondary (% of GDP per capita)","SE.XPD.SECO.PC.ZS","","","","","","","","","","","","","","","","","","","","","","","","","","","","","","","","","","","","","","","","","","","","","","","","","","","","","","","","","","","","","","","","","",
"Zimbabwe","ZWE","Government expenditure per student, secondary (% of GDP per capita)","SE.XPD.SECO.PC.ZS","","","","","","","","","","","","","","","","","","","","","","","","","","","","","","","","","","","","","","","","","","","","","","","","","","","","","22.16475","22.24428","","","","","","","","","","","",
